"2","ram","yadav","abhi123@gmail.com","9630125487","OBC","Master's degree","Student","464612365487","13","3","4","chachoda","chachoda","binaganj","475233","BCDJH36XBC02"
"3","mohan","yadav","mohan123@gmail.com","9630125487","OBC","Doctorate or higher","Student","464612365487","13","2","4","indore","indore","vijay nagar near malviya nagar","475233","BCDJH36XBC02"
"6","Ram Mohan","Rajput","rammohan123@gmail.com","9630125433","General","12th","farmer","464612365487","13","3","","chachoda","chachoda","kumbhraj","475622",""
"7","test","final test","test12331@gmail.com","9630125400","General","Master's degree","farmer","464612365487","13","3","","chachoda","gwalior main","vijay nagar near malviya nagar","475622",""
"8","Anurag","Rajput","abhi123@gmail.com","9630125487","OBC","10th","farmer","464612365487","13","2","","indore","viajy nagar indore","vijay nagar near c21 mall","475622","BCDJH36XBC"
"9","ram","yadav","test123@gmail.com","9630125487","General","Bachelor's degree","Student","464612365487","13","2","","indore","viajy nagar indore","gate n0.2","475233","BCDJH36XBC"
"10","Aman","Rajput","aman123@gmail.com","9630125487","General","Master's degree","farmer","464612365487","13","4","","gwalior","gwalior main","gate n0.2","475233","BCDJH36XBC"
"11","Nikil","yadav","nayan123@gmail.com","9630125433","General","Bachelor's degree","Student","464612365487","13","3","","gwalior","indore","vijay nagar near malviya nagar","473115","BCDJH36XBC"
"12","ram","yadav","m.kushwah33@gmail.com","9630125487","General","Doctorate or higher","Student","464612365487","13","3","","chachoda","chachoda","binaganj","475233","BCDJH36XBC"
"13","Radhe","Sharma","rrr@gmail.com","9630121100","OBC","Diploma","Student","464612365400","13","4","4","Shivpuri","shivpuri","shivpuri main","475200","BCDJH36XBC"
"14","Naman","sharma","naman123@gmail.com","9630125400","General","Master's degree","Student","464612365487","13","3","4","Shivpuri","gwalior main","shivpuri main","475200","BCDJH36XBC"
